<?xml version="1.0" encoding="UTF-8"?>
<Configuration status="INFO">
    <Appenders>
        <Console name="Console" target="SYSTEM_OUT">
            <PatternLayout pattern="%d{HH:mm:ss.SSS} [%t] %-5level %logger{36} - %msg%n" />
        </Console>
        <File name="MyFile" fileName="all.log" immediateFlush="false" append="false">
            <PatternLayout pattern="%d{yyy-MM-dd HH:mm:ss.SSS} [%t] %-5level %logger{36} - %msg%n"/>
        </File>
    </Appenders>
    <Loggers>
        <Root level="debug">
            <AppenderRef ref="Console" />
            <AppenderRef ref="MyFile"/>
        </Root>
        <Logger name="com.db" level="debug" additivity="false">
        	<appender-ref ref="MyFile" level="debug"/>
        	<appender-ref ref="Console" level="debug"/>
        </Logger>
        <Logger name="org.springframework" level="debug" additivity="false">
        	<appender-ref ref="MyFile" level="debug"/>
        	<appender-ref ref="Console" level="debug"/>
        </Logger>
        <Logger name="org.hibernate" level="TRACE" additivity="false">
        	<appender-ref ref="MyFile" level="TRACE"/>
        	<appender-ref ref="Console" level="TRACE"/>
        </Logger>
        <Logger name="org.hibernate.SQL" level="TRACE" additivity="false">
        	<appender-ref ref="MyFile" level="TRACE"/>
        	<appender-ref ref="Console" level="TRACE"/>
        </Logger>
    </Loggers>
</Configuration>

<!-- 
<?xml version="1.0" encoding="UTF-8" ?>


<!DOCTYPE log4j:configuration SYSTEM "log4j.dtd">
<log4j:configuration xmlns:log4j="http://jakarta.apache.org/log4j/">

    <appender name="CONSOLE" class="org.apache.log4j.ConsoleAppender">
        <param name="Target" value="System.out" />
        <layout class="org.apache.log4j.PatternLayout">
            <param name="ConversionPattern" value="[%d{HH:mm}] %-5p %30.30c - %m%n"/>
        </layout>
    </appender>

    <appender name="dogbreed" class="org.apache.log4j.RollingFileAppender">
        <param name="File" value="log/dogbreed.log" />
        <param name="Append" value="true" />
        <param name="MaxFileSize" value="1MB" />
        <layout class="org.apache.log4j.PatternLayout">
            <param name="ConversionPattern" value="%t %-5p %c{2} - %m%n"/>
        </layout>
    </appender>

    <appender name="dogbreedFrameWork" class="org.apache.log4j.RollingFileAppender">
        <param name="File" value="log/dogbreedFrameWork.log" />
        <param name="Append" value="true" />
        <param name="MaxFileSize" value="1MB" />
        <layout class="org.apache.log4j.PatternLayout">
            <param name="ConversionPattern" value="%t %-5p %c{2} - %m%n"/>
        </layout>
    </appender>

    <logger name="com.db" additivity="false">
        <level value="DEBUG" />
        <appender-ref ref="CONSOLE" />
        <appender-ref ref="dogbreed" />
    </logger>

    <logger name="org.springframework" additivity="false">
        <level value="ERROR" />
        <appender-ref ref="CONSOLE" />
        <appender-ref ref="dogbreedFrameWork" />
    </logger>

    <logger name="org.hibernate" additivity="false">
        <level value="error" />
        <appender-ref ref="CONSOLE" />
        <appender-ref ref="dogbreedFrameWork" />
    </logger>

    <logger name="org.hibernate.SQL" additivity="false">
        <level value="error" />
        <appender-ref ref="CONSOLE" />
        <appender-ref ref="dogbreedFrameWork" />
    </logger>

    <logger name="org.codehaus.jackson" additivity="false">
        <level value="ERROR" />
        <appender-ref ref="CONSOLE" />
        <appender-ref ref="dogbreedFrameWork" />
    </logger>

    <root>
        <priority value="error" />
        <appender-ref ref="CONSOLE" />
        <appender-ref ref="dogbreed" />
        <appender-ref ref="dogbreedFrameWork" />
    </root>

</log4j:configuration>
-->